model,top1_acc,top3_acc
logreg_multinomial,0.7135815991237678,0.9545454545454546
random_forest,0.7026286966046003,0.9561883899233297
hist_gb,0.7015334063526835,0.9611171960569551
